-- Generated by Oracle SQL Developer Data Modeler 19.2.0.182.1216
--   at:        2019-11-14 10:45:55 EST
--   site:      Oracle Database 11g
--   type:      Oracle Database 11g

drop table signed_agreements cascade constraints;
drop table event cascade constraints;
drop table reservation cascade constraints;
drop table caterer cascade constraints;
drop table facility_damage cascade constraints;
drop table facility cascade constraints;
drop table damage cascade constraints;
drop table room cascade constraints;
drop table venue cascade constraints;
drop table help_session cascade constraints;
drop table staff cascade constraints;
drop table department cascade constraints;
drop table client cascade constraints;
drop table organization cascade constraints;
drop table priority cascade constraints;

CREATE TABLE caterer (
    catererid        VARCHAR2(10) NOT NULL,
    caterername      VARCHAR2(50),
    catererphoneno   CHAR(10),
    catereremail     VARCHAR2(30),
    catererdesc      VARCHAR2 (50)
--  ERROR: VARCHAR2 size not specified 
);

ALTER TABLE caterer ADD CONSTRAINT caterer_pk PRIMARY KEY ( catererid );

CREATE TABLE client (
    clientid                      CHAR(10) NOT NULL,
    organization_organizationid   CHAR(10),
    firstname			  VARCHAR2(20),
    lastname			  VARCHAR2(20),
    address                       VARCHAR2(256),
    phoneno                       CHAR(10),
    email                         VARCHAR2(30),
    creditcardinfo                CHAR(16),
    priority_priorityrating       VARCHAR2(20) NOT NULL
);

ALTER TABLE client ADD CONSTRAINT client_pk PRIMARY KEY ( clientid );

CREATE TABLE damage (
    damage_name          VARCHAR2(30) NOT NULL,
    damage_description   VARCHAR2(50)
);

ALTER TABLE damage ADD CONSTRAINT damage_pk PRIMARY KEY ( damage_name );

CREATE TABLE department (
    dept_code        CHAR(3) NOT NULL,
    departmentname   VARCHAR2(30),
    departmentdesc   VARCHAR2(50)
);

ALTER TABLE department ADD CONSTRAINT department_pk PRIMARY KEY ( dept_code );

CREATE TABLE event (
    eventid             CHAR(10) NOT NULL,
    caterer_catererid   VARCHAR2(10),
    client_clientid     CHAR(10) NOT NULL,
    eventdate           DATE,
    eventdesc           VARCHAR2(200)
);

ALTER TABLE event ADD CONSTRAINT event_pk PRIMARY KEY ( eventid );

CREATE TABLE facility (
    facilityid                CHAR(10) NOT NULL,
    facilityname              VARCHAR2(30) NOT NULL,
    facilitydesc              VARCHAR2(256),
    room_roomnumber           CHAR(3) NOT NULL,
    room_venue_buildingname   VARCHAR2(50) NOT NULL
);

ALTER TABLE facility ADD CONSTRAINT facilities_pk PRIMARY KEY ( facilityid );

CREATE TABLE facility_damage (
    damage_date                  DATE NOT NULL,
    facilities_facilityid   CHAR(10) NOT NULL,
    damage_damage_name      VARCHAR2(30) NOT NULL,
    repairstatus            VARCHAR2(200)
);

ALTER TABLE facility_damage ADD CONSTRAINT facility_damage_pk PRIMARY KEY ( facilities_facilityid,
                                                                            damage_date);

CREATE TABLE help_session (
    staff_employeeid   CHAR(10) NOT NULL,
    client_clientid    CHAR(10) NOT NULL,
    help_session_date             DATE NOT NULL,
    sessiondesc        VARCHAR2(256)
);

ALTER TABLE help_session
    ADD CONSTRAINT help_session_pk PRIMARY KEY ( staff_employeeid,
                                                 client_clientid,
                                                 help_session_date );

CREATE TABLE organization (
    organizationid     CHAR(10) NOT NULL,
    organizationname   VARCHAR2(50)
);

ALTER TABLE organization ADD CONSTRAINT organization_pk PRIMARY KEY ( organizationid );

CREATE TABLE priority (
    priorityrating     VARCHAR2(20) NOT NULL,
    prioritydesc       VARCHAR2(256),
    prioritycriteria   VARCHAR2(256)
);

ALTER TABLE priority ADD CONSTRAINT priority_pk PRIMARY KEY ( priorityrating );

CREATE TABLE reservation (
    client_clientid           CHAR(10) NOT NULL,
    reservationdatetime       DATE NOT NULL,
    room_roomnumber           CHAR(3) NOT NULL,
    event_eventid             CHAR(10) NOT NULL,
    activestatus              CHAR(1),
    room_venue_buildingname   VARCHAR2(50) NOT NULL
);

ALTER TABLE reservation
    ADD CONSTRAINT reservation_pk PRIMARY KEY ( client_clientid,
                                                reservationdatetime,
                                                room_roomnumber,
                                                room_venue_buildingname );

CREATE TABLE room (
    roomnumber           CHAR(3) NOT NULL,
    roomsize             INTEGER,
    roomfee              NUMBER,
    roomname             VARCHAR2(30),
    roomcapacity         INTEGER,
    venue_buildingname   VARCHAR2(50) NOT NULL
);

ALTER TABLE room ADD CONSTRAINT room_pk PRIMARY KEY ( roomnumber,
                                                      venue_buildingname );

CREATE TABLE signed_agreements (
    agreementid                       CHAR(10) NOT NULL,
    agreementdate                     DATE,
    rsrv_client_clientid       	      CHAR(10) NOT NULL, 
    reservation_reservationdatetime   DATE NOT NULL,
    reservation_room_roomnumber       CHAR(3) NOT NULL,
    reservation_room_buildingname     VARCHAR2(50) NOT NULL
);

ALTER TABLE signed_agreements ADD CONSTRAINT signed_agreements_pk PRIMARY KEY ( agreementid );

CREATE TABLE staff (
    department_dept_code   CHAR(3) NOT NULL,
    employeeid             CHAR(10) NOT NULL,
    firstname              VARCHAR2(20),
    lastname               VARCHAR2(30),
    hiredate               DATE,
    staffposition          VARCHAR2(30)
);

ALTER TABLE staff ADD CONSTRAINT staff_pk PRIMARY KEY ( employeeid );

CREATE TABLE venue (
    buildingname   VARCHAR2(50) NOT NULL,
    address        VARCHAR2(50),
    description    VARCHAR2(256),
    phonenumber    CHAR(10)
);

ALTER TABLE venue ADD CONSTRAINT venue_pk PRIMARY KEY ( buildingname );

ALTER TABLE client
    ADD CONSTRAINT client_organization_fk FOREIGN KEY ( organization_organizationid )
        REFERENCES organization ( organizationid );

ALTER TABLE client
    ADD CONSTRAINT client_priority_fk FOREIGN KEY ( priority_priorityrating )
        REFERENCES priority ( priorityrating );

ALTER TABLE event
    ADD CONSTRAINT event_caterer_fk FOREIGN KEY ( caterer_catererid )
        REFERENCES caterer ( catererid );

ALTER TABLE event
    ADD CONSTRAINT event_client_fk FOREIGN KEY ( client_clientid )
        REFERENCES client ( clientid );

ALTER TABLE facility
    ADD CONSTRAINT facilities_room_fk FOREIGN KEY ( room_roomnumber,
                                                    room_venue_buildingname )
        REFERENCES room ( roomnumber,
                          venue_buildingname );

ALTER TABLE facility_damage
    ADD CONSTRAINT facility_damage_damage_fk FOREIGN KEY ( damage_damage_name )
        REFERENCES damage ( damage_name );

ALTER TABLE facility_damage
    ADD CONSTRAINT facility_damage_facilities_fk FOREIGN KEY ( facilities_facilityid )
        REFERENCES facility ( facilityid );

ALTER TABLE help_session
    ADD CONSTRAINT help_session_client_fk FOREIGN KEY ( client_clientid )
        REFERENCES client ( clientid );

ALTER TABLE help_session
    ADD CONSTRAINT help_session_staff_fk FOREIGN KEY ( staff_employeeid )
        REFERENCES staff ( employeeid );

ALTER TABLE reservation
    ADD CONSTRAINT reservation_client_fk FOREIGN KEY ( client_clientid )
        REFERENCES client ( clientid );

ALTER TABLE reservation
    ADD CONSTRAINT reservation_event_fk FOREIGN KEY ( event_eventid )
        REFERENCES event ( eventid );

ALTER TABLE reservation
    ADD CONSTRAINT reservation_room_fk FOREIGN KEY ( room_roomnumber,
                                                     room_venue_buildingname )
        REFERENCES room ( roomnumber,
                          venue_buildingname );

ALTER TABLE room
    ADD CONSTRAINT room_venue_fk FOREIGN KEY ( venue_buildingname )
        REFERENCES venue ( buildingname );

--  ERROR: FK name length exceeds maximum allowed length(30) 
ALTER TABLE signed_agreements
    ADD CONSTRAINT signed_agreements_rsrv_fk FOREIGN KEY ( rsrv_client_clientid,
                                                                   reservation_reservationdatetime,
                                                                   reservation_room_roomnumber,
                                                                   reservation_room_buildingname )
        REFERENCES reservation ( client_clientid,
                                 reservationdatetime,
                                 room_roomnumber,
                                 room_venue_buildingname );

ALTER TABLE staff
    ADD CONSTRAINT staff_department_fk FOREIGN KEY ( department_dept_code )
        REFERENCES department ( dept_code );

--Oscar
--insert priority
INSERT INTO PRIORITY
VALUES ('Regular','Issued to Regular Clients', 'Issued Automatically');
INSERT INTO PRIORITY
VALUES ('Member','Membership deals are offered', 'Issued to Clients who joined the membership scheme');
INSERT INTO PRIORITY
VALUES ('Premium Member','Members can use Premium Membership Deals', 'Issued to members who have made more than 20 reseravtions in a year');
INSERT INTO PRIORITY
VALUES ('Member Plus','Members can use Membership Plus Deals', 'Issued to members who have made more than 10 reservations in a year');
INSERT INTO PRIORITY
VALUES ('Premium Member Plus','Members can use Premium Membership Plus Deals', 'Issued to members who have made more than 30 reservations in a year');
INSERT INTO PRIORITY
VALUES ('Bronze','Higher Priority than Regular', 'Issued to members who have made 20 reservations cumulative.');
INSERT INTO PRIORITY
VALUES ('Silver','Higher Priority than Bronze', 'Issued to members who have made 50 reservations cumulative.');
INSERT INTO PRIORITY
VALUES ('Gold','Higher Priority than Silver', 'Issued to members who have made 100 reservations cumulative.');
INSERT INTO PRIORITY
VALUES ('Platinum','Higher Priority than Gold', 'Issued to members who have made 200 reservations cumulative.');
INSERT INTO PRIORITY
VALUES ('Diamond','Higher Priority than Platinum', 'Issued to members who have made 500 reservations cumulative.');
INSERT INTO PRIORITY
VALUES ('VIP','High her than Diamond. Lower than Special', 'Requires Management permission');
INSERT INTO PRIORITY
VALUES ('Blacklisted','Deny Service', 'Issued to clients who have a bad track record in terms of causing room damage.');
INSERT INTO PRIORITY
VALUES ('Probation','Issued to Regular Clients', 'Issued when a client is non-cooperative or destructive to room facilities');
INSERT INTO PRIORITY
VALUES ('Special','Top Priority. Typically for national security reasons.', 'Requires Management permission');
INSERT INTO PRIORITY
VALUES ('Staff','Gets Employee Discounts', 'Issued to family members of staff');
commit;

--insert organization
INSERT INTO ORGANIZATION
VALUES ('O000000001', 'Toilet Paper USA');
INSERT INTO ORGANIZATION
VALUES ('O000000002', 'Indiana Farmers');
INSERT INTO ORGANIZATION
VALUES ('O000000003', 'Association of Technology Professionals');
INSERT INTO ORGANIZATION
VALUES ('O000000004', 'DMS Solutions');
INSERT INTO ORGANIZATION
VALUES ('O000000005', 'Hasbro Inc');
INSERT INTO ORGANIZATION
VALUES ('O000000006', 'Texas Hog Hunting Co.');
INSERT INTO ORGANIZATION
VALUES ('O000000007', 'Purdue Socialist Coalition');
INSERT INTO ORGANIZATION
VALUES ('O000000008', 'McCutcheon Conglomerate');
INSERT INTO ORGANIZATION
VALUES ('O000000009', 'Vorhees-Kruger Law Firm');
INSERT INTO ORGANIZATION
VALUES ('O000000010', 'Penguin Random House');
INSERT INTO ORGANIZATION
VALUES ('O000000011', 'Pixapost');
INSERT INTO ORGANIZATION
VALUES ('O000000012', 'The Illuminati');
INSERT INTO ORGANIZATION
VALUES ('O000000013', 'Arirang Technology Group');
INSERT INTO ORGANIZATION
VALUES ('O000000014', 'Samsung');
INSERT INTO ORGANIZATION
VALUES ('O000000015', 'University of Toronto');
commit;

--Insert Client
INSERT INTO CLIENT
VALUES ('C000000001', 'O000000001', 'Doorknob', 'Bhusari', '400 McCutcheon Drive, West Lafayette, IN', '1111111111', 'pbhusari@gmail.com', '1928376491829162', 'Blacklisted');
INSERT INTO CLIENT
VALUES ('C000000002', 'O000000002', 'Hugh', 'Mungus', '49 Washington Road, West Lafayette, IN', '2222222222', 'rapoma8768@hide-mail.net', '2233445566778899', 'Silver');
INSERT INTO CLIENT
VALUES ('C000000003', 'O000000005', 'Drying', 'Pan', '205 S Martin Jischke Drive, West Lafayette, IN', '3333333333', 'pan69@purdue.edu', '2323232323232323', 'Gold');
INSERT INTO CLIENT
VALUES ('C000000005', 'O000000004', 'Joe', 'Momma', '123 South Street, East Lafayette, IN', '4444444444', 'nudecelebs4free@gmail.com', '9876543210123456', 'Regular');
INSERT INTO CLIENT
VALUES ('C000000007', 'O000000006', 'Hustin', 'Toodough', '69 Maple Road, San Francisco, CA', '5555555555', 'leaf@mapleland.com', '1591929848518595', 'Regular');
INSERT INTO CLIENT
VALUES ('C000000004', 'O000000008', 'Nicolas', 'Feet', '401 Grant Street, West Lafayette IN', '6666666666', 'nfeet@gmail.com', '1595179113467595', 'Diamond');
INSERT INTO CLIENT
VALUES ('C000000006', 'O000000007', 'Sandwich', 'Johnson', '510 Pitzmons Bld, Pensacola, FL', '7777777777', 'coolcash@purdue.edu', '2794679135794613', 'Regular');
INSERT INTO CLIENT
VALUES ('C000000008', 'O000000001', 'Oscar', 'Wrong', '725 5th Ave, New York, NY', '8888888888', 'wongo@purdue.edu', '6969696969696969', 'Blacklisted');
INSERT INTO CLIENT
VALUES ('C000000009', 'O000000007', 'Ronald', 'Cherrycoke', '1450 Ala Moana Blvd, Honolulu, HI', '9999999999', 'oscarwongkc@gmail.com', '7539518264731928', 'Premium Member');
INSERT INTO CLIENT
VALUES ('C000000010', 'O000000002', 'Mike', 'Fallopian', '1212 Smallman St, Pittsburgh, PA', '1212121212', 'mfallopian@tystero.com', '1195228533751195', 'Regular');
INSERT INTO CLIENT
VALUES ('C000000012', 'O000000013', 'Roberry', 'Kim', '800 Spruce St, Philadelphia, PA', '2323232323', 'rkim@gmail.edu', '4204204204204204', 'Staff');
INSERT INTO CLIENT
VALUES ('C000000011', 'O000000013', 'Peter', 'Peterson', '460 Park Ave #2, New York, NY', '4545454545', 'roomcleaning@patreon.com', '1943825649731642', 'Regular');
INSERT INTO CLIENT
VALUES ('C000000013', 'O000000002', 'Chris', 'Chandler', '14 Branchland Court, Ruckersville, VA', '3434343434', 'chrischan@sonichu.com', '5768985632485712', 'Special');
INSERT INTO CLIENT
VALUES ('C000000014', 'O000000001', 'Cold', 'Brewer', '512 Cedar Street, Russiaville, IN', '6767676767', 'brewer82@purdue.edu', '598756588542658', 'Blacklisted');
INSERT INTO CLIENT
VALUES ('C000000015', 'O000000014', 'Sue', 'Dough', '412 Birch Street, Jacksonville, FL', '8989898989', 'sdough@gmail.com', '0125970230654421', 'Regular');
commit;

--Cristian
--department
insert into department
	values ('Cus', 'Custodioal', 'Cleans and maintains facilities');
insert into department
	values ('Mrk', 'Marketing', 'Advertises and helps boosts sales');
insert into department
	values ('Acc', 'Accounting', 'Records transactions and money flows');
insert into department
	values ('Aud', 'Auditing', 'Evaluate operational procedures');
insert into department
	values ('Sls', 'Sales', 'Actively attempts to make sales');
insert into department
	values ('Fin', 'Finance', 'Acquire and Utilizes capital');
insert into department
	values ('Hrs', 'Human Resources', 'Deals with interpersonal problems');
insert into department
	values ('Pch', 'Purchase', 'Procures goods and services');
insert into department
	values ('Opr', 'Operations', 'Oversees day to day operations of the company');
insert into department
	values ('Mgm', 'Management', 'Develops and executes overall business strategies');
insert into department
	values ('Tch', 'Technology', 'Develops and maintains technology');
insert into department
	values ('Rsd', 'Research and Development', 'Researches and develops new technology');
insert into department
	values ('Qas', 'Quality Assurance', 'Quality Control');
insert into department
	values ('Prs', 'Public Relations', 'Oversees and develops public image of the company');
insert into department
	values ('Sec', 'Security', 'Keeps services and products safe and secure');
commit;

--staff
insert into staff
	values ('Mgm', '1100000000', 'Joe', 'Smith', '01-JAN-2004', 'General Manager');
insert into staff
	values ('Tch', '1200000000', 'Jane', 'Johnson', '23-NOV-2007', 'IT Assistant');
insert into staff
	values ('Tch', '1300000000', 'Alex', 'Lloyd', '14-DEC-2007', 'Systems Analyst');
insert into staff
	values ('Sls', '1400000000', 'Tim', 'Sirna', '17-APR-2004', 'Sales representative');
insert into staff
	values ('Mrk', '1500000000', 'Tina', 'Kennedy', '25-FEB-2004', 'Marketing Representative');
insert into staff
	values ('Aud', '1600000000', 'Jessica', 'Phelps', '12-AUG-2005', 'General Auditor');
insert into staff
	values ('Acc', '1700000000', 'Ashley', 'Jones', '18-SEP-2006', 'Accountant');
insert into staff
	values ('Hrs', '1800000000', 'Stanley', 'Curtis', '26-MAY-2005', 'Human Resources Representative');
insert into staff
	values ('Rsd', '1900000000', 'Cassandra', 'Ortiz', '20-MAR-2008', 'Research Assistant');
insert into staff
	values ('Sls', '2000000000', 'Phineas', 'Kubrick', '14-APR-2006', 'Sales Assitant');
insert into staff
	values ('Acc', '2100000000', 'Barry', 'Allen', '16-MAY-2009', 'Accountant');
insert into staff
	values ('Aud', '2200000000', 'Christina', 'Jones', '07-JUL-2008', 'Auditor');
insert into staff
	values ('Qas', '2300000000', 'Bruce', 'Smalley', '09-JUN-2007', 'QA Overseer');
insert into staff
	values ('Hrs', '2400000000', 'Sarah', 'Parker', '26-APR-2004', 'Human Resources Assistant');
insert into staff
	values ('Rsd', '2500000000', 'Arthur', 'Morgan', '22-MAR-2009', 'Research Assistant');
commit;

--help_section
insert into help_session
	values ('1200000000', 'C000000001', '24-MAR-2019', 'Assisted with an unresponsive computer');
insert into help_session
	values ('1200000000', 'C000000001', '25-MAR-2019', 'Fixed a slow connection');
insert into help_session
	values ('1800000000', 'C000000002', '12-JAN-2019', 'Assisted with staff dispute');
insert into help_session
	values ('1900000000', 'C000000003', '15-FEB-2019', 'Assisted with data gathering software');
insert into help_session
	values ('2000000000', 'C000000011', '23-AUG-2019', 'Assisted with unresponsive sales recording software');
insert into help_session
	values ('2000000000', 'C000000008', '10-SEP-2019', 'Assisted with connection issues');
insert into help_session
	values ('1700000000', 'C000000008', '20-JAN-2019', 'Assisted with employee login issues');
insert into help_session
	values ('1500000000', 'C000000001', '27-JUN-2019', 'Assisted with changing employee login password');
insert into help_session
	values ('1500000000', 'C000000014', '30-JUN-2019', 'Assisted with employee login issues');
insert into help_session
	values ('1600000000', 'C000000014', '05-JUL-2019', 'Assisted with corrupted auditing data');
insert into help_session
	values ('2100000000', 'C000000007', '14-SEP-2019', 'Restored a corrupted hard drive');
insert into help_session
	values ('2200000000', 'C000000006', '15-OCT-2019', 'Assisted with freezing issues');
insert into help_session
	values ('2300000000', 'C000000009', '10-AUG-2019', 'Assisted with lost employee login information');
insert into help_session
	values ('2300000000', 'C000000003', '11-AUG-2019', 'Assisted with compromised employee login information');
insert into help_session
	values ('2300000000', 'C000000008', '12-AUG-2019', 'Assisted with connectivity issues');
commit;

--Connor
--Venue
insert into VENUE values ('Holiday Inn Downtown', '1234 Indy IN 47906','Large hotel in downtown indianapolis','1111111111');
insert into VENUE values ('Regency Hotel',' 222 2nd Street Indy IN 47906','Hotel and convention center','2222222222');
insert into VENUE values ('Monster Convention Center','1334 sagamore Lafayette IN 47906','Large multi room convention center','3333333333');
insert into VENUE values ('Silver Dipper','321 State Lafayette IN 47906','Ice Cream shop with group meeting rooms','4444444444');
insert into VENUE values ('Brothers Bar', '331 Northwestern Lafayette IN 47906','Bar and Grill with small meeting rooms','5555555555');
insert into VENUE values ('Jakes Convention Center','451 Stadium Lafayette IN 47906','Large convention center with many high capacity rooms','6666666666');
insert into VENUE values ('Ultra Starbucks','654 Northwestern Lafayette IN 47906','A massive starbucks with many large rooms','7777777777');
insert into VENUE values ('Goodrich Wabash 9','843 State St. Lafayette IN 47906','Many medium sized meeting rooms with large screens','8888888888');
insert into VENUE values ('The Neon Cactus','5564 State st. Lafayette IN 47906','Large meeting area with one main room','9999999999');
insert into VENUE values ('Bdubs','7592 Sagamore Lafayette IN 47906','Many medium sized meeting rooms','1010101010');
insert into VENUE values ('Purdue Memorial Union','8712 State St. Lafayette IN 47906','Large meeting rooms and banquet halls','1001001001');
insert into VENUE values ('The Four Seasons Hotel','1265 42nd Street Indy IN 47906','Hotel with a large convention center','1212121212');
insert into VENUE values ('The Hilton Grand', '3145 Fair st. Fishers IN 47906','Large hotel with some smaller meeting rooms','1313131313');
insert into VENUE values ('Lucas Oil Stadium','300 Capital Indy IN 46225','Large convention center with smaller rooms','1414141414');
insert into VENUE values ('Indiana Convention Center','100 Capital Indy IN 46225','Upscale convention center in downtown indy','1515151515');
commit;

--Room
insert into ROOM values ('101',100,'450','Clementine',90,'Indiana Convention Center');
insert into ROOM values ('102',200,'700','Lime',175,'Indiana Convention Center');
insert into ROOM values ('201',400,'800','Espresso',350,'Ultra Starbucks');
insert into ROOM values ('301',100,'375','Baker',90,'Holiday Inn Downtown');
insert into ROOM values ('112',250,'500','Sabaro',200,'The Neon Cactus');
insert into ROOM values ('103',700,'1200','Citron',650,'Indiana Convention Center');
insert into ROOM values ('101',30,'200','Doubleshot',25,'Ultra Starbucks');
insert into ROOM values ('777',85,'600','Theater 7',80,'Goodrich Wabash 9');
insert into ROOM values ('203',150,'400','The Big Room',125,'Brothers Bar');
insert into ROOM values ('545',300,'900','Energy Dome',275,'Monster Convention Center');
insert into ROOM values ('101',300,'750','Grand Ball Room',275,'Purdue Memorial Union');
insert into ROOM values ('405',500,'1500','Main Event Room',480,'Regency Hotel');
insert into ROOM values ('923',999,'5000','Event Floor',900,'Lucas Oil Stadium');
insert into ROOM values ('102',300,'500','Fire Room',200,'Bdubs');
insert into ROOM values ('345',25,'200','Vanilla',20,'Silver Dipper');
commit;

--Brandon
--Populate Damage Table

INSERT INTO DAMAGE
    VALUES ('Broken Speaker', 'No sound from one speaker');
    
INSERT INTO DAMAGE
    VALUES ('Broken Speakers', 'No sound from multiple speaker');

INSERT INTO DAMAGE
    VALUES ('Broken Soundsystem', 'No sound from speakers');

INSERT INTO DAMAGE
    VALUES ('Pipe Leakage', 'Leaking from pipes in bathroom');
    
INSERT INTO DAMAGE
    VALUES ('Broken Projector', 'No image displayed on projector');
    
INSERT INTO DAMAGE
    VALUES ('Unfocused Projector', 'Blurry image on projector');
    
INSERT INTO DAMAGE
    VALUES ('Uncentered Projector', 'Projector image is uncentered.');
    
INSERT INTO DAMAGE
    VALUES ('Broken Floor Tile', 'One or more floor tiles is broken');
    
INSERT INTO DAMAGE
    VALUES ('Broken Ceiling Tile', 'One or more ceiling tiles is broken');
    
INSERT INTO DAMAGE
    VALUES ('Broken Light', 'One or more lights are broken');
    
INSERT INTO DAMAGE
    VALUES ('No Lights', 'No lights are functioning properly');
    
INSERT INTO DAMAGE
    VALUES ('Broken Mirror', 'A mirror is broken');
    
INSERT INTO DAMAGE
    VALUES ('Broken Chandelier', 'A chandelier is broken');
    
INSERT INTO DAMAGE
    VALUES ('Missing HDMI cable', 'The HDMI cable for the projector/tv is missing');
    
INSERT INTO DAMAGE
    VALUES ('Broken Toilet', 'One toilet is not functioning');
commit;

--Populate Facility table.
INSERT INTO FACILITY
    VALUES ('F000000001', 'Sound System', 'Sound System in Room 101', '101', 'Indiana Convention Center');
    
INSERT INTO FACILITY
    VALUES ('F000000002', 'Sound System', 'Sound System in Room 102', '102', 'Indiana Convention Center');
    
INSERT INTO FACILITY
    VALUES ('F000000003', 'Sound System', 'Sound System in Room 201', '201', 'Ultra Starbucks');
    
INSERT INTO FACILITY
    VALUES ('F001000001', 'Video System', 'Video System in Room 101', '101', 'Indiana Convention Center');
    
INSERT INTO FACILITY
    VALUES ('F001000002', 'Video System', 'Video System in Room 103', '103', 'Indiana Convention Center');
    
INSERT INTO FACILITY
    VALUES ('F001000003', 'Video System', 'Sound System in Room 103', '301', 'Holiday Inn Downtown');
    
INSERT INTO FACILITY
    VALUES ('F002000001', 'Mens Restroom', 'Mens restroom in room 545', '545', 'Monster Convention Center');

INSERT INTO FACILITY
    VALUES ('F002000002', 'Womens Restroom', 'Womens restroom in room 101', '101', 'Ultra Starbucks');
    
INSERT INTO FACILITY
    VALUES ('F003000001', 'Chandelier1', 'Chandelier on the left of room 203', '203', 'Brothers Bar');
    
INSERT INTO FACILITY
    VALUES ('F003000002', 'Chandelier2', 'Chandelier on the right of room 203', '203', 'Brothers Bar');
    
INSERT INTO FACILITY
    VALUES ('F003000003', 'Lighting', 'Lights in room 101', '101', 'Purdue Memorial Union');
    
INSERT INTO FACILITY
    VALUES ('F004000001', 'Room Decor', 'Room 101 floor, ceiling, and walls', '101', 'Purdue Memorial Union');
    
INSERT INTO FACILITY
    VALUES ('F004000002', 'Room Decor', 'Room 102 floor, ceiling, and walls', '102', 'Bdubs');

INSERT INTO FACILITY
    VALUES ('F004000003', 'Room Decor', 'Room 103 floor, ceiling, and walls', '103', 'Indiana Convention Center');
    
INSERT INTO FACILITY
    VALUES ('F002000003', 'Unisex Bathroom', 'Bathroom located in room 923', '923', 'Lucas Oil Stadium');
commit;

--Populate Facility Damage table. 
    
INSERT INTO FACILITY_DAMAGE
    VALUES ('22-OCT-19', 'F001000003', 'Uncentered Projector', 'Not repaired');

INSERT INTO FACILITY_DAMAGE
    VALUES ('12-OCT-19', 'F001000002', 'Broken Projector', 'Replaced');
    
INSERT INTO FACILITY_DAMAGE
    VALUES ('03-SEP-19', 'F002000002', 'Broken Toilet', 'Repaired');
    
INSERT INTO FACILITY_DAMAGE
    VALUES ('11-SEP-19', 'F003000003', 'Broken Light', 'Not repaired');
    
INSERT INTO FACILITY_DAMAGE
    VALUES ('20-SEP-19', 'F003000003', 'Broken Light', 'Not repaired');
    
INSERT INTO FACILITY_DAMAGE
    VALUES ('12-AUG-19', 'F000000003', 'Broken Speaker', 'Repaired');
    
INSERT INTO FACILITY_DAMAGE
    VALUES ('14-AUG-19', 'F000000002', 'Broken Speakers', 'Repaired');
    
INSERT INTO FACILITY_DAMAGE
    VALUES ('25-Jul-19', 'F004000002', 'Broken Ceiling Tile', 'Repaired');
    
INSERT INTO FACILITY_DAMAGE
    VALUES ('20-Jun-19', 'F004000003', 'Broken Floor Tile', 'Repaired');
    
INSERT INTO FACILITY_DAMAGE
    VALUES ('25-Jul-19', 'F001000003', 'Broken Soundsystem', 'Repaired');
    
INSERT INTO FACILITY_DAMAGE
    VALUES ('20-SEP-19', 'F004000003', 'Broken Mirror', 'Not repaired');
    
INSERT INTO FACILITY_DAMAGE
    VALUES ('02-OCT-19', 'F003000003', 'No Lights', 'Repaired');
    
INSERT INTO FACILITY_DAMAGE
    VALUES ('31-OCT-19', 'F003000002', 'Broken Chandelier', 'Not repaired');
    
INSERT INTO FACILITY_DAMAGE
    VALUES ('05-NOV-19', 'F001000003', 'Unfocused Projector', 'Repaired');
    
INSERT INTO FACILITY_DAMAGE
    VALUES ('11-NOV-19', 'F001000003', 'Uncentered Projector', 'Not repaired');
commit;

--Jaydon
--caterer
insert into CATERER (CatererId, CatererName, CatererPhoneNo, CatererEmail, CatererDesc)
values ('CT00000001', 'Sauce Pantry', '3265756569', 'sauce@gmail.com', NULL);
insert into CATERER (CatererId, CatererName, CatererPhoneNo, CatererEmail, CatererDesc)
values ('CT00000002', 'Stacked Pickle', '3166457873', 'stackedpickle@gmail.com', NULL);
insert into CATERER (CatererId, CatererName, CatererPhoneNo, CatererEmail, CatererDesc)
values ('CT00000003', 'Chik-fila', '4284567890', 'chiken@gmail.com', 'chicken');
insert into CATERER (CatererId, CatererName, CatererPhoneNo, CatererEmail, CatererDesc)
values ('CT00000004', 'Waffle House', '3174561515', 'waffleHouse@gmail.com', 'waffles');
insert into CATERER (CatererId, CatererName, CatererPhoneNo, CatererEmail, CatererDesc)
values ('CT00000005', 'Texas Roadhouse', '3173311733', 'Troadhouse@gmail.com', 'steak');
insert into CATERER (CatererId, CatererName, CatererPhoneNo, CatererEmail, CatererDesc)
values ('CT00000006', 'Chipotle', '3174315433', 'chipotle@gmail.com ', 'mexican');
insert into CATERER (CatererId, CatererName, CatererPhoneNo, CatererEmail, CatererDesc)
values ('CT00000007', 'Qdoba', '3435513429', 'Doba@gmail.com', 'mexican');
insert into CATERER (CatererId, CatererName, CatererPhoneNo, CatererEmail, CatererDesc)
values ('CT00000008', 'Panera Bread', '8733313339', 'Panera@gmail.com', NULL);
insert into CATERER (CatererId, CatererName, CatererPhoneNo, CatererEmail, CatererDesc)
values ('CT00000009', 'The Beef House', '3236789609', 'beefHouse@gmail.com', NULL);
insert into CATERER (CatererId, CatererName, CatererPhoneNo, CatererEmail, CatererDesc)
values ('CT00000010', 'Mcdonalds', '3234713339', 'mcdicks@gmail.com', NULL);
insert into CATERER (CatererId, CatererName, CatererPhoneNo, CatererEmail, CatererDesc)
values ('CT00000011', 'Asian Place', '4204206969', 'asianfood@gmail.com', 'asian');

--Oscar
insert into CATERER (CatererId, CatererName, CatererPhoneNo, CatererEmail, CatererDesc)
values ('CT00000012', 'African Place', '852468523', 'asianfood@gmail.com', 'african');
insert into CATERER (CatererId, CatererName, CatererPhoneNo, CatererEmail, CatererDesc)
values ('CT00000013', 'European Place', '7659853264', 'europeanfood@gmail.com', 'european');
insert into CATERER (CatererId, CatererName, CatererPhoneNo, CatererEmail, CatererDesc)
values ('CT00000014', 'American Place', '3265940215', 'americanfood@gmail.com', 'american');
insert into CATERER (CatererId, CatererName, CatererPhoneNo, CatererEmail, CatererDesc)
values ('CT00000015', 'Australian Place', '6959293919', 'australianfood@gmail.com', 'australian');
commit;

--Jaydon
--event
insert into EVENT 
values ('E000000001', 'CT00000011', 'C000000015', '11-JAN-2020' ,'wedding night');
insert into EVENT 
values ('E000000002', 'CT00000013', 'C000000002', '18-DEC-2020' ,'Birthday Party');
insert into EVENT 
values ('E000000003', 'CT00000012', 'C000000008', '21-DEC-2021' ,'Golden Year/21st');
insert into EVENT 
values ('E000000004', 'CT00000005', 'C000000008', '29-MAR-2019' ,'Why not');
insert into EVENT 
values ('E000000005', 'CT00000002', 'C000000011', '26-APR-2019' ,'Birthday');
insert into EVENT 
values ('E000000006', 'CT00000015', 'C000000005', '20-OCT-2020' ,'Birthday');
insert into EVENT 
values ('E000000007', 'CT00000009', 'C000000005', '06-JUL-2020','Birthday');
insert into EVENT 
values ('E000000008', 'CT00000011', 'C000000005', '04-JUL-2020','AMERICA');
insert into EVENT 
values ('E000000009', 'CT00000011', 'C000000003', '25-DEC-2019','Christmas');
insert into EVENT 
values ('E000000010', 'CT00000014', 'C000000005', '13-FEB-2020','Grad Party');
insert into EVENT 
values ('E000000011', 'CT00000011', 'C000000004', '23-APR-2020','Class Shindig');
--Oscar
insert into EVENT 
values ('E000000012', 'CT00000013', 'C000000008', '04-Jun-2020','Birthday');
insert into EVENT 
values ('E000000013', 'CT00000005', 'C000000015', '13-NOV-2020','Baby Shower');
insert into EVENT 
values ('E000000014', 'CT00000006', 'C000000015', '24-FEB-2020','Cult Sacrifice');
insert into EVENT 
values ('E000000015', 'CT00000007', 'C000000013', '16-OCT-2020','Meth Cooking Seminar');
commit;

--Jaydon
--reservation
insert into Reservation
values ('C000000013', '23-APR-2020', '101', 'E000000015', 'Y' ,'Indiana Convention Center');
insert into Reservation 
values ('C000000015', '20-DEC-2020', '101', 'E000000014', 'Y' ,'Purdue Memorial Union');
insert into Reservation 
values ('C000000015', '06-JUL-2020', '203', 'E000000014', 'N' ,'Brothers Bar');
insert into Reservation
values ('C000000002', '04-JUL-2020', '102', 'E000000002', 'N' ,'Indiana Convention Center');
insert into Reservation 
values ('C000000015', '24-SEP-2020', '101', 'E000000013', 'N' ,'Purdue Memorial Union');
insert into Reservation 
values ('C000000008', '21-DEC-2019', '545', 'E000000004', 'N' ,'Monster Convention Center');
insert into Reservation 
values ('C000000003', '13-OCT-2020', '101', 'E000000009', 'Y' ,'Purdue Memorial Union');
insert into Reservation 
values ('C000000005', '26-MAR-2020', '103', 'E000000008', 'Y' ,'Indiana Convention Center');
insert into Reservation 
values ('C000000008', '12-APR-2020', '102', 'E000000004', 'Y' ,'Bdubs');
insert into Reservation 
values ('C000000002', '11-APR-2020', '101', 'E000000002', 'Y' ,'Indiana Convention Center');
insert into Reservation 
values ('C000000015', '14-JUN-2019', '777', 'E000000013', 'Y' ,'Goodrich Wabash 9');
--Oscar
insert into Reservation 
values ('C000000015', '18-JUL-2019', '301', 'E000000001', 'Y' ,'Holiday Inn Downtown');
insert into Reservation 
values ('C000000011', '05-NOV-2019', '777', 'E000000005', 'Y' ,'Goodrich Wabash 9');
insert into Reservation 
values ('C000000005', '30-OCT-2019', '545', 'E000000010', 'Y' ,'Monster Convention Center');
insert into Reservation 
values ('C000000005', '01-JAN-2020', '101', 'E000000008', 'N' ,'Indiana Convention Center');
commit;

--Connor
--Signed Agreement
insert into SIGNED_AGREEMENTS values ('S000000001','01-DEC-2019','C000000005','01-JAN-2020','101','Indiana Convention Center');
insert into SIGNED_AGREEMENTS values ('S000000002','13-OCT-2019','C000000005','30-OCT-2019','545','Monster Convention Center');
insert into SIGNED_AGREEMENTS values ('S000000003','01-NOV-2019','C000000011','05-NOV-2019','777','Goodrich Wabash 9');
insert into SIGNED_AGREEMENTS values ('S000000004','14-JUN-2019','C000000015','14-JUN-2019','777','Goodrich Wabash 9');
insert into SIGNED_AGREEMENTS values ('S000000005','01-JUN-2019','C000000015','18-JUL-2019','301','Holiday Inn Downtown');
insert into SIGNED_AGREEMENTS values ('S000000006','19-MAR-2020','C000000002','11-APR-2020','101','Indiana Convention Center');
insert into SIGNED_AGREEMENTS values ('S000000007','01-APR-2020','C000000013','23-APR-2020','101','Indiana Convention Center');
insert into SIGNED_AGREEMENTS values ('S000000008','12-DEC-2020','C000000015','20-DEC-2020','101','Purdue Memorial Union');
insert into SIGNED_AGREEMENTS values ('S000000009','15-AUG-2020','C000000015','24-SEP-2020','101','Purdue Memorial Union');
insert into SIGNED_AGREEMENTS values ('S000000010','24-OCT-2019','C000000003','13-OCT-2020','101','Purdue Memorial Union');
insert into SIGNED_AGREEMENTS values ('S000000011','06-JUN-2020','C000000015','06-JUL-2020','203','Brothers Bar');
insert into SIGNED_AGREEMENTS values ('S000000012','24-JUL-2019','C000000008','21-DEC-2019','545','Monster Convention Center');
insert into SIGNED_AGREEMENTS values ('S000000013','12-FEB-2020','C000000008','12-APR-2020','102','Bdubs');
insert into SIGNED_AGREEMENTS values ('S000000014','21-JUN-2020','C000000002','04-JUL-2020','102','Indiana Convention Center');
insert into SIGNED_AGREEMENTS values ('S000000015','09-JAN-2020','C000000005','26-MAR-2020','103','Indiana Convention Center');
commit;
